"","agri","forest","traffic","water","building","gov","leisure","mine","other"
"dataA",0.275539399393517,0.180626043924256,0.143289927916619,0.0740099664419847,0.244225283737004,0.0574795854055839,0.0430069138472673,0.0013415778170951,0.0755309238308584
"dataB",0.288118271470772,0.171718301918957,0.147251816252408,0.064454684847355,0.251833709335433,0.0550513988933364,0.0553551164911047,0.00106032707534605,0.0773407167164989
"dataC",0.218899512542205,0.209967982999697,0.115998040726471,0.0593717048559475,0.219436445104236,0.0448985001991602,0.0347422193631606,0.000970293343112396,0.0535219365326311
